equipment_type,brand,year_of_manufacture,condition_rating,usage_hours,current_market_trend,resale_history_factor,estimated_cost_inr
Tractor,TAFE,2018,9.73,1043.0,0.86,1.01,370794.0
Rotavator,John Deere,2001,2.28,50.0,1.19,0.83,23726.0
Combine Harvester,TAFE,2016,4.61,531.0,1.19,1.02,602054.0
Combine Harvester,Sonalika,2012,9.78,941.0,1.12,0.95,902016.0
Tractor,Mahindra,2022,1.02,1123.0,0.9,1.02,49684.0
Combine Harvester,Sonalika,2021,1.59,717.0,0.87,0.91,164327.0
Tractor,John Deere,2012,9.06,190.0,1.17,0.92,366724.0
Sprayer,John Deere,2001,8.74,1549.0,0.9,1.16,10000.0
Power Tiller,Mahindra,2010,4.06,563.0,1.18,0.89,18477.0
Rotavator,Sonalika,2000,8.17,1222.0,1.13,1.08,14813.0
Seed Drill,Mahindra,2013,1.78,821.0,1.04,1.11,10000.0
Tractor,Mahindra,2013,7.6,1782.0,0.82,0.94,183559.0
Sprayer,John Deere,2012,4.59,1429.0,0.95,0.9,18997.0
Sprayer,Mahindra,2010,8.6,1332.0,1.17,0.92,25773.0
Seed Drill,Sonalika,2022,1.03,255.0,0.89,0.94,11138.0
Tractor,Escorts,2001,2.56,887.0,1.06,1.09,30686.0
Rotavator,Mahindra,2009,8.88,562.0,0.82,0.87,31856.0
Sprayer,TAFE,2013,6.5,529.0,1.11,1.05,25046.0
Power Tiller,Sonalika,2006,9.67,945.0,0.9,0.83,24489.0
Combine Harvester,Sonalika,2019,5.92,1386.0,1.03,0.9,606214.0
Rotavator,TAFE,2007,9.25,1154.0,0.91,0.9,24182.0
Combine Harvester,Sonalika,2001,7.94,868.0,1.19,1.06,424166.0
Rotavator,Sonalika,2017,4.19,909.0,0.93,0.91,29673.0
Power Tiller,Sonalika,2013,3.94,558.0,1.12,1.11,16109.0
Rotavator,Sonalika,2007,2.81,1027.0,0.97,1.14,25147.0
Power Tiller,Escorts,2021,1.92,1218.0,1.02,1.08,20198.0
Combine Harvester,Mahindra,2005,1.79,937.0,0.98,0.94,109719.0
Rotavator,TAFE,2023,3.79,1369.0,1.18,0.89,11142.0
Tractor,Kubota,2000,5.53,1230.0,0.85,1.03,70488.0
Seed Drill,Mahindra,2003,6.33,720.0,1.01,1.19,16355.0
Seed Drill,John Deere,2000,8.46,501.0,0.94,1.14,10577.0
Seed Drill,TAFE,2006,6.24,1015.0,0.88,0.88,21221.0
Power Tiller,TAFE,2014,9.5,1134.0,1.12,1.06,69998.0
Tractor,Sonalika,2021,2.01,1097.0,0.97,1.1,102183.0
Rotavator,Escorts,2008,2.25,2371.0,0.85,0.89,10000.0
Seed Drill,Escorts,2013,5.05,739.0,1.12,0.94,17982.0
Sprayer,Kubota,2000,1.73,1057.0,1.18,1.07,10000.0
Combine Harvester,TAFE,2005,6.58,1210.0,1.07,0.9,367219.0
Seed Drill,Mahindra,2017,9.6,469.0,1.06,0.91,73224.0
Tractor,Escorts,2002,1.45,1253.0,1.07,1.14,45458.0
Sprayer,Sonalika,2004,7.02,238.0,0.97,0.93,14901.0
Seed Drill,TAFE,2015,8.78,897.0,1.06,1.07,46307.0
Power Tiller,Sonalika,2017,7.22,545.0,1.18,0.99,68570.0
Tractor,Mahindra,2015,2.21,1642.0,0.89,0.94,80094.0
Seed Drill,Mahindra,2019,5.07,603.0,1.08,1.08,18047.0
Power Tiller,Sonalika,2021,7.3,1972.0,1.18,1.0,82414.0
Power Tiller,Escorts,2006,3.62,1166.0,0.96,1.16,31211.0
Rotavator,Mahindra,2009,4.05,882.0,1.0,0.93,10000.0
Sprayer,Mahindra,2013,6.9,545.0,0.97,0.95,21392.0
Power Tiller,Mahindra,2022,7.27,959.0,0.94,1.08,72705.0
Seed Drill,Kubota,2011,2.39,1521.0,0.88,0.8,10000.0
Sprayer,Sonalika,2010,6.16,699.0,1.01,0.94,29600.0
Tractor,TAFE,2017,7.88,1178.0,1.03,1.02,347905.0
Tractor,John Deere,2016,4.06,843.0,0.88,0.96,148913.0
Seed Drill,Kubota,2013,9.48,1631.0,1.06,1.03,45822.0
Seed Drill,Sonalika,2018,6.68,1063.0,0.86,0.9,32514.0
Seed Drill,Sonalika,2012,3.78,1146.0,1.1,0.94,10000.0
Power Tiller,Sonalika,2007,1.91,500.0,1.0,1.0,36988.0
Tractor,John Deere,2009,2.81,1355.0,1.14,0.99,88435.0
Sprayer,Sonalika,2006,6.7,1863.0,1.02,1.04,10000.0
Tractor,Mahindra,2012,4.88,995.0,1.02,1.08,170458.0
Combine Harvester,Escorts,2019,3.62,1421.0,0.88,0.8,282191.0
Combine Harvester,Kubota,2007,1.24,617.0,0.86,1.15,74033.0
Sprayer,Escorts,2019,1.64,1077.0,0.98,1.08,17700.0
Rotavator,John Deere,2021,2.75,677.0,1.08,1.15,29393.0
Sprayer,Kubota,2005,1.59,50.0,1.11,0.9,10000.0
Tractor,TAFE,2014,1.73,357.0,1.08,1.09,93811.0
Power Tiller,Mahindra,2001,1.83,939.0,1.0,0.88,10000.0
Power Tiller,Escorts,2011,8.89,1594.0,0.88,1.05,51642.0
Power Tiller,Kubota,2021,2.4,962.0,1.05,0.9,29878.0
Tractor,Mahindra,2015,3.39,1482.0,0.93,1.09,142297.0
Combine Harvester,TAFE,2021,2.56,59.0,1.17,1.03,410407.0
Combine Harvester,Sonalika,2016,3.37,1579.0,0.91,1.05,323371.0
Power Tiller,TAFE,2007,9.07,50.0,1.07,0.9,32667.0
Combine Harvester,Mahindra,2006,1.79,1059.0,1.2,0.99,138692.0
Sprayer,Mahindra,2005,4.72,859.0,0.88,1.08,10000.0
Rotavator,Sonalika,2016,6.51,1169.0,0.93,1.01,30440.0
Combine Harvester,Sonalika,2022,2.97,1267.0,1.02,1.15,438143.0
Tractor,Sonalika,2016,1.55,1281.0,0.83,0.97,47761.0
Tractor,TAFE,2023,8.35,487.0,1.15,1.11,604142.0
Rotavator,John Deere,2011,6.01,837.0,0.87,1.11,10000.0
Sprayer,Sonalika,2018,3.04,1078.0,0.97,0.99,13048.0
Rotavator,Mahindra,2008,4.22,681.0,1.18,0.96,12145.0
Sprayer,John Deere,2008,6.21,732.0,1.12,0.95,10000.0
Combine Harvester,Escorts,2014,5.98,154.0,1.2,1.03,758879.0
Power Tiller,TAFE,2020,3.68,271.0,1.13,0.9,40602.0
Combine Harvester,Escorts,2017,6.58,1595.0,1.03,0.98,655498.0
Combine Harvester,Sonalika,2007,8.23,924.0,1.12,0.93,576232.0
Power Tiller,Escorts,2016,1.43,1017.0,1.08,0.99,29441.0
Tractor,Kubota,2009,6.3,1056.0,0.82,1.06,151239.0
Rotavator,Kubota,2021,3.03,829.0,0.85,0.96,10000.0
Sprayer,Sonalika,2023,8.96,1027.0,0.86,0.84,19832.0
Sprayer,Sonalika,2009,4.33,1318.0,1.15,1.06,12835.0
Combine Harvester,Sonalika,2014,6.8,1350.0,1.03,0.83,516172.0
Seed Drill,John Deere,2010,6.42,1076.0,0.83,0.97,11801.0
Seed Drill,Sonalika,2001,3.74,585.0,1.02,0.98,11801.0
Seed Drill,TAFE,2017,8.72,629.0,1.16,1.03,60874.0
Power Tiller,Mahindra,2006,6.2,1369.0,0.92,0.9,10000.0
Rotavator,Mahindra,2023,4.16,763.0,0.95,0.97,21242.0
Tractor,Mahindra,2021,4.8,1328.0,1.04,0.95,225439.0
Seed Drill,TAFE,2011,7.76,849.0,0.99,1.04,29823.0
Power Tiller,Kubota,2006,4.74,389.0,0.99,1.06,31255.0
Tractor,TAFE,2010,6.8,1674.0,0.86,1.03,201269.0
Seed Drill,TAFE,2010,5.84,719.0,0.97,0.94,38289.0
Power Tiller,TAFE,2012,1.19,1125.0,1.07,1.11,16484.0
Power Tiller,Kubota,2023,7.84,1303.0,0.89,1.1,66233.0
Sprayer,Mahindra,2005,2.54,967.0,0.84,1.04,10000.0
Power Tiller,Sonalika,2020,3.04,1417.0,0.95,0.98,20431.0
Tractor,Sonalika,2002,1.39,1851.0,0.83,0.96,15675.0
Power Tiller,John Deere,2008,8.34,519.0,0.98,1.12,45705.0
Combine Harvester,TAFE,2017,2.87,1232.0,0.89,0.95,258929.0
Tractor,Kubota,2017,8.99,1350.0,0.98,1.14,403293.0
Tractor,Escorts,2009,9.87,1507.0,0.86,1.12,264239.0
Rotavator,Kubota,2019,1.84,676.0,1.06,0.94,10000.0
Sprayer,John Deere,2018,5.39,979.0,1.06,0.9,36616.0
Rotavator,Escorts,2003,8.6,339.0,1.14,1.09,28115.0
Combine Harvester,Sonalika,2012,8.94,1045.0,0.89,0.95,644103.0
Tractor,Sonalika,2000,1.88,1175.0,1.17,1.07,20952.0
Seed Drill,John Deere,2013,5.88,1338.0,1.0,0.91,44064.0
Power Tiller,TAFE,2011,3.53,851.0,1.1,1.02,21416.0
Tractor,Escorts,2005,4.68,1053.0,1.16,0.94,120947.0
Seed Drill,Sonalika,2020,8.95,1390.0,0.98,0.94,57131.0
Power Tiller,Kubota,2022,2.31,637.0,0.99,0.99,37970.0
Rotavator,Mahindra,2006,1.11,516.0,0.82,0.96,10000.0
Seed Drill,Escorts,2005,6.84,739.0,1.06,0.98,29431.0
Tractor,Mahindra,2020,7.57,1220.0,0.81,0.98,255228.0
Tractor,Escorts,2011,4.74,50.0,0.84,1.15,185144.0
Power Tiller,Kubota,2003,2.73,2101.0,0.83,1.01,13434.0
Combine Harvester,Mahindra,2021,5.78,1470.0,0.87,1.05,625284.0
Sprayer,Mahindra,2019,8.99,844.0,1.05,1.02,30041.0
Seed Drill,TAFE,2009,1.9,1163.0,1.11,0.95,11746.0
Tractor,Sonalika,2004,8.15,752.0,0.85,0.92,157636.0
Rotavator,TAFE,2009,5.95,1438.0,0.84,0.93,12049.0
Seed Drill,Mahindra,2004,7.13,856.0,0.87,0.87,26761.0
Rotavator,Escorts,2005,4.65,325.0,0.84,0.98,15357.0
Tractor,John Deere,2012,1.32,219.0,0.98,1.01,69305.0
Sprayer,Sonalika,2017,6.34,920.0,0.81,1.1,15699.0
Rotavator,Mahindra,2003,1.8,1492.0,1.13,0.95,24720.0
Combine Harvester,Escorts,2016,3.68,908.0,0.84,0.89,286062.0
Combine Harvester,Kubota,2008,6.19,589.0,0.83,0.85,310999.0
Seed Drill,TAFE,2008,2.73,343.0,0.85,0.97,10000.0
Sprayer,TAFE,2018,3.23,512.0,0.86,1.04,21340.0
Seed Drill,Escorts,2013,6.6,1707.0,0.82,0.97,22046.0
Seed Drill,Mahindra,2011,8.05,1818.0,0.82,0.9,25090.0
Combine Harvester,Kubota,2016,9.06,1064.0,0.94,1.02,873327.0
Power Tiller,Escorts,2021,8.85,1608.0,0.94,1.01,57093.0
Combine Harvester,Sonalika,2023,4.31,1070.0,0.82,0.91,419741.0
Seed Drill,John Deere,2018,5.59,1002.0,1.06,1.1,45019.0
Rotavator,TAFE,2008,6.5,1758.0,0.93,1.03,16521.0
Sprayer,Kubota,2013,5.14,593.0,1.06,0.99,10000.0
Sprayer,Mahindra,2004,8.52,1640.0,0.89,1.0,10000.0
Power Tiller,Kubota,2011,2.23,581.0,1.12,1.07,10000.0
Rotavator,Mahindra,2018,2.33,339.0,0.87,1.1,22858.0
Rotavator,TAFE,2002,3.45,438.0,0.81,0.93,13185.0
Seed Drill,John Deere,2015,6.63,1060.0,1.19,0.99,29536.0
Rotavator,TAFE,2017,5.26,749.0,0.87,1.05,37830.0
Sprayer,Kubota,2007,2.06,719.0,1.07,1.11,10045.0
Rotavator,John Deere,2006,7.06,322.0,0.98,1.16,19634.0
Seed Drill,Kubota,2001,6.17,50.0,1.16,0.87,22065.0
Tractor,John Deere,2014,9.41,1255.0,0.94,1.05,343870.0
Tractor,TAFE,2014,2.1,879.0,1.0,1.19,102774.0
Combine Harvester,John Deere,2023,4.56,917.0,1.13,0.93,614833.0
Power Tiller,Sonalika,2017,4.44,1244.0,1.01,0.95,26545.0
Combine Harvester,Escorts,2020,1.42,1223.0,0.86,0.87,127356.0
Power Tiller,Mahindra,2021,8.61,1197.0,0.95,1.06,67180.0
Rotavator,TAFE,2016,9.24,50.0,1.06,0.8,45398.0
Rotavator,John Deere,2007,8.09,1289.0,0.87,1.04,38676.0
Seed Drill,John Deere,2018,9.05,1424.0,1.15,1.16,56944.0
Seed Drill,John Deere,2019,1.36,1433.0,0.99,1.17,10000.0
Combine Harvester,TAFE,2004,8.21,452.0,1.19,1.09,600079.0
Sprayer,Kubota,2010,4.17,1046.0,0.99,0.98,10000.0
Sprayer,TAFE,2005,4.45,1488.0,1.16,1.02,10000.0
Power Tiller,Mahindra,2003,8.15,1795.0,0.98,0.85,10025.0
Power Tiller,Sonalika,2010,7.87,50.0,0.96,1.03,70363.0
Rotavator,Mahindra,2003,8.58,1157.0,1.0,1.1,19118.0
Rotavator,TAFE,2002,6.24,1411.0,0.97,1.07,10000.0
Combine Harvester,Mahindra,2014,5.21,1479.0,1.11,1.13,572971.0
Combine Harvester,Kubota,2019,1.6,1618.0,0.9,1.02,162543.0
Combine Harvester,Escorts,2010,6.45,145.0,1.02,0.9,528091.0
Seed Drill,Mahindra,2015,5.59,927.0,1.12,0.98,18027.0
Power Tiller,TAFE,2012,9.72,1601.0,1.11,0.8,53092.0
Combine Harvester,Sonalika,2005,7.19,887.0,0.86,1.0,373972.0
Tractor,John Deere,2012,3.31,1858.0,1.0,1.03,112778.0
Tractor,John Deere,2013,5.91,1032.0,1.05,1.01,215056.0
Rotavator,TAFE,2006,1.28,1212.0,0.93,0.89,11140.0
Seed Drill,Escorts,2017,2.2,791.0,0.92,0.8,11226.0
Combine Harvester,John Deere,2007,7.5,475.0,0.9,0.82,389447.0
Combine Harvester,Sonalika,2020,9.43,262.0,1.16,0.88,1234423.0
Seed Drill,Sonalika,2020,2.09,1977.0,0.88,0.9,17439.0
Sprayer,Sonalika,2013,9.74,469.0,1.0,1.05,28229.0
Tractor,Mahindra,2016,3.51,987.0,1.02,1.08,163904.0
Sprayer,Kubota,2009,1.64,1199.0,0.94,0.99,10000.0
Combine Harvester,Escorts,2007,7.55,207.0,0.88,1.07,490691.0
Rotavator,Sonalika,2005,7.3,136.0,0.85,1.05,27118.0
Power Tiller,Escorts,2001,3.31,875.0,1.08,0.92,23891.0
Combine Harvester,Mahindra,2007,5.19,1293.0,0.89,0.97,303290.0
Seed Drill,TAFE,2022,9.08,568.0,0.84,1.07,56602.0
Combine Harvester,John Deere,2011,2.02,1017.0,1.11,0.87,158755.0
Seed Drill,Mahindra,2007,8.11,1341.0,1.06,1.07,32735.0
Power Tiller,Mahindra,2011,2.31,934.0,1.11,1.03,19362.0
Power Tiller,John Deere,2023,1.67,882.0,0.97,1.0,10000.0
Combine Harvester,Kubota,2012,8.27,982.0,1.16,1.11,929904.0
Rotavator,John Deere,2004,4.73,1865.0,1.07,0.81,10000.0
Tractor,TAFE,2013,5.65,50.0,1.07,0.89,209693.0
Combine Harvester,Sonalika,2007,4.9,1123.0,0.91,1.04,312515.0
Combine Harvester,Kubota,2001,8.78,1223.0,1.01,1.01,363883.0
Sprayer,John Deere,2001,5.51,1130.0,1.16,1.07,10000.0
Combine Harvester,Escorts,2012,5.05,1674.0,1.08,1.1,481402.0
Tractor,Escorts,2020,1.66,1644.0,1.09,0.87,62909.0
Tractor,TAFE,2013,9.6,898.0,0.98,1.02,350543.0
Sprayer,Mahindra,2000,5.23,781.0,0.92,0.8,26056.0
Tractor,John Deere,2015,1.98,1115.0,0.84,0.81,65293.0
Power Tiller,John Deere,2021,3.66,577.0,1.0,0.94,24092.0
Combine Harvester,TAFE,2012,5.42,1383.0,0.87,0.9,349301.0
Combine Harvester,Mahindra,2008,9.59,498.0,0.96,1.11,778980.0
Seed Drill,Kubota,2010,8.04,970.0,1.08,0.91,33094.0
Tractor,Kubota,2020,2.32,799.0,0.86,1.05,112164.0
Combine Harvester,TAFE,2007,2.85,1162.0,1.08,1.0,191992.0
Sprayer,TAFE,2005,5.96,1515.0,1.16,1.01,10000.0
Rotavator,TAFE,2014,4.57,781.0,1.17,0.95,14680.0
Seed Drill,Escorts,2008,8.3,1258.0,0.93,1.07,34511.0
Rotavator,Mahindra,2011,5.71,1197.0,0.93,0.93,27639.0
Seed Drill,Mahindra,2002,2.16,1404.0,0.94,0.99,10000.0
Power Tiller,Sonalika,2005,2.51,841.0,1.16,1.2,13792.0
Tractor,Sonalika,2020,7.73,1101.0,1.01,0.89,318234.0
Rotavator,Escorts,2010,9.38,786.0,0.91,1.05,44812.0
Tractor,Escorts,2001,8.11,1423.0,0.93,1.04,136980.0
Combine Harvester,Sonalika,2005,4.86,862.0,1.03,1.2,336819.0
Seed Drill,Mahindra,2011,4.32,1476.0,0.97,1.0,10000.0
Sprayer,TAFE,2022,2.68,1521.0,1.02,1.19,10000.0
Rotavator,Kubota,2006,5.46,217.0,1.16,1.05,19220.0
Power Tiller,Sonalika,2020,8.79,2335.0,0.85,0.82,43348.0
Sprayer,John Deere,2000,8.41,663.0,1.01,1.0,25009.0
Sprayer,Kubota,2005,1.7,1177.0,0.88,0.99,10000.0
Seed Drill,John Deere,2000,6.31,1051.0,0.84,1.01,10000.0
Sprayer,Sonalika,2014,5.03,633.0,0.93,1.18,32639.0
Sprayer,Mahindra,2009,3.93,661.0,1.01,1.04,10000.0
Tractor,Sonalika,2004,8.66,868.0,1.08,0.93,185773.0
Seed Drill,Sonalika,2017,4.56,1012.0,0.94,0.97,35167.0
Seed Drill,John Deere,2009,6.76,156.0,0.81,1.08,16426.0
Rotavator,John Deere,2000,5.28,933.0,0.81,1.2,10000.0
Sprayer,Sonalika,2010,4.78,2132.0,1.02,1.02,10000.0
Combine Harvester,Escorts,2001,5.77,1710.0,1.16,1.06,248666.0
Sprayer,Escorts,2016,4.78,195.0,1.18,0.99,11524.0
Rotavator,TAFE,2001,2.52,572.0,0.94,0.99,19077.0
Tractor,Mahindra,2013,7.9,862.0,0.94,0.96,265286.0
Sprayer,Kubota,2017,6.49,307.0,0.82,0.91,10000.0
Seed Drill,Sonalika,2022,1.19,1143.0,1.07,0.95,10000.0
Tractor,John Deere,2002,5.42,1827.0,1.15,1.09,113826.0
Sprayer,TAFE,2001,4.23,1461.0,0.98,0.89,10000.0
Power Tiller,Sonalika,2007,8.3,256.0,1.01,0.85,38480.0
Tractor,Mahindra,2013,1.15,1522.0,1.18,0.95,35738.0
Rotavator,Escorts,2014,5.62,1546.0,1.06,0.98,20253.0
Tractor,TAFE,2007,6.13,810.0,0.8,1.01,125044.0
Power Tiller,Escorts,2014,3.71,1600.0,0.97,1.0,13653.0
Seed Drill,John Deere,2021,4.05,1454.0,1.0,0.99,10000.0
Seed Drill,Mahindra,2012,6.52,636.0,0.96,1.02,10314.0
Rotavator,Kubota,2000,3.22,1272.0,1.01,1.08,10000.0
Sprayer,Kubota,2013,3.56,1110.0,0.96,1.02,10000.0
Tractor,Mahindra,2000,9.88,812.0,1.18,0.87,151499.0
Seed Drill,Escorts,2007,1.09,125.0,1.07,1.15,24366.0
Rotavator,Kubota,2016,6.67,1188.0,0.94,1.06,44604.0
Power Tiller,Mahindra,2022,9.71,603.0,0.88,0.99,67165.0
Seed Drill,John Deere,2007,9.4,1306.0,0.92,1.01,35401.0
Power Tiller,Sonalika,2004,4.23,1385.0,1.06,1.11,21576.0
Sprayer,Escorts,2001,3.69,1321.0,1.13,1.02,10000.0
Power Tiller,Mahindra,2011,9.15,1474.0,1.05,0.85,40186.0
Rotavator,Sonalika,2012,9.01,752.0,1.07,1.09,42575.0
Tractor,John Deere,2019,4.04,1614.0,1.18,0.93,173226.0
Sprayer,Mahindra,2020,2.29,1220.0,1.05,0.98,10938.0
Rotavator,Sonalika,2017,7.55,833.0,0.93,1.02,56471.0
Tractor,John Deere,2022,8.09,1572.0,0.83,0.93,293445.0
Rotavator,TAFE,2009,9.78,1139.0,1.02,0.97,21917.0
Power Tiller,Kubota,2011,4.65,586.0,0.8,1.09,32659.0
Seed Drill,John Deere,2017,7.9,1770.0,1.11,1.02,55661.0
Combine Harvester,John Deere,2020,3.84,1080.0,1.14,1.2,614364.0
Sprayer,Sonalika,2016,5.68,1197.0,1.16,1.05,40186.0
Power Tiller,Escorts,2019,6.75,1290.0,0.99,1.03,46458.0
Seed Drill,John Deere,2002,5.72,1322.0,1.12,0.92,13851.0
Seed Drill,Kubota,2007,3.51,537.0,1.19,1.2,35741.0
Combine Harvester,John Deere,2001,2.37,50.0,0.97,1.01,114288.0
Combine Harvester,Sonalika,2015,7.4,876.0,0.92,1.19,807335.0
Tractor,Sonalika,2001,6.93,1603.0,1.13,0.92,116156.0
Tractor,TAFE,2019,3.47,503.0,0.88,1.07,172800.0
Rotavator,Mahindra,2004,6.78,407.0,0.95,1.02,10000.0
Combine Harvester,TAFE,2022,4.96,1508.0,1.2,1.0,720393.0
Seed Drill,Escorts,2011,8.21,1389.0,1.2,0.88,58352.0
Sprayer,Kubota,2019,3.64,462.0,0.97,1.06,37123.0
Combine Harvester,Mahindra,2011,1.63,1023.0,0.96,1.13,132558.0
Combine Harvester,Sonalika,2022,7.81,754.0,0.85,0.9,766492.0
Seed Drill,Escorts,2006,9.17,50.0,0.97,0.94,14542.0
Sprayer,Mahindra,2018,1.56,774.0,1.01,1.02,15173.0
Rotavator,Mahindra,2005,2.71,1458.0,1.09,0.9,13193.0
Combine Harvester,Mahindra,2014,3.63,1533.0,0.96,0.91,282220.0
Rotavator,TAFE,2007,5.55,1219.0,0.89,1.09,10000.0
Sprayer,TAFE,2002,3.7,973.0,1.12,1.14,10000.0
Seed Drill,John Deere,2002,9.8,476.0,1.01,1.04,22224.0
Tractor,Kubota,2014,6.61,1525.0,1.19,0.93,277439.0
Tractor,John Deere,2019,3.88,696.0,1.01,1.06,183976.0
Power Tiller,Kubota,2005,2.56,474.0,1.18,0.9,10000.0
Combine Harvester,Sonalika,2017,2.22,1710.0,1.08,1.12,258016.0
Tractor,Kubota,2016,9.13,1376.0,1.12,1.0,405744.0
Power Tiller,Kubota,2023,8.51,1033.0,1.05,0.91,67944.0
Power Tiller,John Deere,2013,9.0,1139.0,1.1,0.88,51595.0
Tractor,Escorts,2010,7.28,202.0,0.99,1.12,278317.0
Sprayer,Sonalika,2015,2.8,1137.0,0.82,1.0,10000.0
Rotavator,Sonalika,2016,9.58,1033.0,1.04,1.07,36017.0
Combine Harvester,John Deere,2004,1.26,871.0,0.9,1.11,75080.0
Combine Harvester,TAFE,2015,8.46,828.0,1.12,0.88,833513.0
Seed Drill,Escorts,2019,2.53,1751.0,0.91,1.04,12291.0
Sprayer,Kubota,2011,6.95,433.0,1.02,1.09,16874.0
Power Tiller,Kubota,2006,1.47,1995.0,0.91,1.07,10000.0
Combine Harvester,Mahindra,2004,3.2,452.0,1.18,0.89,181946.0
Tractor,Mahindra,2006,4.79,1259.0,1.0,1.05,119594.0
Sprayer,Kubota,2005,8.34,560.0,1.07,1.01,10000.0
Combine Harvester,John Deere,2012,4.29,265.0,0.97,1.06,414567.0
Tractor,TAFE,2003,3.2,964.0,1.1,1.0,63250.0
Power Tiller,Escorts,2006,7.37,1854.0,1.1,1.01,22264.0
Combine Harvester,Mahindra,2020,1.89,744.0,0.8,1.04,187701.0
Power Tiller,Escorts,2015,9.51,440.0,0.97,0.97,63420.0
Tractor,Kubota,2022,9.36,598.0,1.15,0.87,483820.0
Combine Harvester,Kubota,2001,1.69,310.0,0.95,1.04,66662.0
Seed Drill,Kubota,2022,9.47,916.0,1.07,1.07,97113.0
Combine Harvester,TAFE,2017,9.07,952.0,0.82,0.86,664486.0
Tractor,Escorts,2006,6.39,1352.0,1.08,0.83,145813.0
Sprayer,Mahindra,2001,5.38,862.0,0.98,1.09,10000.0
Rotavator,TAFE,2012,8.03,854.0,0.82,0.89,14287.0
Seed Drill,Escorts,2013,1.08,1157.0,1.13,1.01,10000.0
Tractor,Mahindra,2019,6.88,600.0,1.19,0.8,311384.0
Sprayer,Sonalika,2010,3.14,1021.0,1.11,1.19,11659.0
Tractor,Kubota,2010,8.32,1676.0,0.89,1.07,231932.0
Tractor,Kubota,2016,3.69,2272.0,1.14,0.85,131231.0
Rotavator,Escorts,2016,2.2,2001.0,0.9,0.94,11585.0
Tractor,TAFE,2009,8.52,1754.0,1.15,0.91,235075.0
Power Tiller,TAFE,2012,7.45,956.0,1.07,1.2,44803.0
Tractor,John Deere,2014,9.95,1987.0,1.16,0.95,363690.0
Combine Harvester,John Deere,2008,5.04,861.0,1.17,1.16,475945.0
Power Tiller,Kubota,2010,2.11,790.0,0.95,1.07,18931.0
Sprayer,Sonalika,2020,5.22,1647.0,0.98,0.99,16634.0
Seed Drill,TAFE,2004,5.61,395.0,0.8,1.18,10000.0
Seed Drill,Escorts,2018,4.26,1123.0,1.01,1.09,25029.0
Combine Harvester,Kubota,2015,7.74,1130.0,1.16,0.9,765228.0
Tractor,Escorts,2004,2.72,501.0,1.02,0.95,78919.0
Power Tiller,Escorts,2022,9.34,1791.0,1.11,0.8,71813.0
Combine Harvester,TAFE,2017,5.09,1109.0,0.86,0.97,439868.0
Combine Harvester,Kubota,2013,1.56,1287.0,0.92,1.2,155850.0
Combine Harvester,Escorts,2009,1.44,875.0,1.13,0.99,102095.0
Sprayer,Sonalika,2022,4.41,559.0,0.96,0.95,13679.0
Tractor,Kubota,2002,6.73,1607.0,0.91,0.94,111389.0
Combine Harvester,Escorts,2004,8.48,743.0,0.94,0.9,391219.0
Seed Drill,Sonalika,2022,6.9,1150.0,1.0,0.94,40770.0
Seed Drill,TAFE,2014,9.17,840.0,0.84,0.81,33415.0
Seed Drill,Kubota,2003,5.17,962.0,1.16,1.15,24441.0
Sprayer,Escorts,2006,4.93,310.0,1.14,1.04,10000.0
Rotavator,TAFE,2011,2.15,1605.0,0.98,0.89,10000.0
Seed Drill,Escorts,2009,6.48,1512.0,0.88,1.01,24089.0
Sprayer,TAFE,2004,6.32,427.0,1.02,1.09,10934.0
Power Tiller,Kubota,2012,1.92,50.0,0.88,1.05,33573.0
Rotavator,Escorts,2018,8.83,1161.0,1.04,0.93,33271.0
Seed Drill,Kubota,2022,4.98,575.0,0.8,0.86,24758.0
Tractor,Escorts,2016,9.93,1883.0,0.84,1.05,324789.0
Power Tiller,Sonalika,2009,9.13,491.0,0.81,0.98,29223.0
Sprayer,Kubota,2007,6.76,1354.0,1.07,0.97,10000.0
Sprayer,Kubota,2015,7.21,208.0,1.08,1.06,18455.0
Seed Drill,Mahindra,2023,6.55,562.0,1.09,1.01,53737.0
Tractor,John Deere,2017,1.77,686.0,1.12,0.8,59818.0
Power Tiller,Escorts,2006,7.99,643.0,0.87,0.85,30154.0
Rotavator,TAFE,2017,5.9,540.0,1.01,0.95,33195.0
Rotavator,TAFE,2021,8.11,422.0,0.9,1.06,33305.0
Rotavator,Mahindra,2014,2.77,1187.0,0.86,0.93,10000.0
Tractor,TAFE,2018,1.04,1056.0,0.92,1.16,63867.0
Seed Drill,TAFE,2021,9.97,1318.0,1.03,0.97,75664.0
Combine Harvester,Mahindra,2000,7.93,1282.0,1.07,1.08,322663.0
Combine Harvester,Mahindra,2014,1.91,1330.0,0.86,1.01,156862.0
Sprayer,Kubota,2005,2.54,1736.0,0.87,1.04,10000.0
Tractor,Kubota,2020,1.16,1343.0,0.86,1.0,45186.0
Tractor,Sonalika,2016,4.18,1269.0,0.95,0.92,163119.0
Sprayer,Escorts,2021,4.36,466.0,0.89,1.09,10000.0
Rotavator,Escorts,2010,6.72,848.0,0.99,0.94,17690.0
Rotavator,Mahindra,2004,3.06,468.0,0.87,1.06,10631.0
Combine Harvester,John Deere,2011,9.17,1676.0,1.0,0.95,660302.0
Sprayer,Mahindra,2012,9.9,962.0,1.18,0.93,28268.0
Rotavator,Sonalika,2011,9.34,1344.0,0.89,1.02,28060.0
Sprayer,Mahindra,2010,9.82,778.0,0.98,1.19,28967.0
Power Tiller,Mahindra,2015,8.02,1401.0,1.09,1.05,47573.0
Sprayer,Escorts,2005,7.49,1802.0,0.87,1.01,10000.0
Combine Harvester,John Deere,2008,2.75,1554.0,0.95,1.11,197001.0
Tractor,Sonalika,2022,6.75,50.0,1.09,0.96,410312.0
Power Tiller,Escorts,2008,1.8,1177.0,0.86,0.99,21548.0
Combine Harvester,Sonalika,2022,9.44,1067.0,1.03,0.91,1109262.0
Sprayer,Kubota,2020,5.28,1318.0,1.08,0.93,35010.0
Power Tiller,John Deere,2009,1.87,1697.0,1.05,1.04,10000.0
Seed Drill,Escorts,2016,1.04,998.0,0.94,0.84,10000.0
Sprayer,Kubota,2008,7.37,750.0,1.08,0.93,10000.0
Tractor,Escorts,2022,7.42,1530.0,1.15,1.12,458751.0
Tractor,Mahindra,2001,1.54,840.0,1.06,0.8,43339.0
Combine Harvester,Sonalika,2022,5.78,920.0,1.02,0.9,667376.0
Rotavator,John Deere,2010,4.09,1342.0,1.07,1.14,14988.0
Sprayer,Mahindra,2008,4.05,699.0,0.83,0.94,20818.0
Rotavator,Mahindra,2011,2.78,1751.0,0.93,1.09,10000.0
Power Tiller,Kubota,2016,5.27,1184.0,1.01,1.06,56429.0
Rotavator,Kubota,2019,7.95,1103.0,1.0,1.15,53294.0
Sprayer,Kubota,2019,4.99,1484.0,0.81,1.03,10000.0
Tractor,Sonalika,2013,6.61,853.0,0.94,1.07,238512.0
Rotavator,Sonalika,2018,9.85,564.0,0.9,1.03,57218.0
Rotavator,Escorts,2011,9.49,864.0,1.14,0.96,46972.0
Power Tiller,Mahindra,2018,4.35,1246.0,0.92,1.2,31132.0
Seed Drill,John Deere,2006,9.44,1377.0,1.15,1.02,44945.0
Power Tiller,John Deere,2007,7.74,1206.0,1.09,0.87,31601.0
Sprayer,Kubota,2001,2.1,998.0,0.83,0.94,10000.0
Sprayer,Mahindra,2015,7.97,1334.0,1.09,1.0,20053.0
Tractor,Escorts,2022,4.26,506.0,1.17,0.81,245468.0
Tractor,Kubota,2001,2.08,1580.0,0.88,1.05,39717.0
Power Tiller,Sonalika,2008,7.35,1053.0,1.06,1.1,33010.0
Tractor,Escorts,2003,4.18,834.0,1.04,0.98,72501.0
Power Tiller,John Deere,2009,3.17,358.0,1.13,1.18,12592.0
Combine Harvester,TAFE,2002,1.16,1463.0,1.09,1.15,48147.0
Combine Harvester,Mahindra,2014,7.15,1488.0,1.09,1.03,707120.0
Sprayer,Escorts,2011,7.33,1145.0,1.01,1.03,18331.0
Seed Drill,TAFE,2002,4.25,940.0,1.02,1.1,10000.0
Combine Harvester,Sonalika,2015,9.38,650.0,1.02,0.84,835367.0
Sprayer,Mahindra,2007,1.48,973.0,1.03,0.91,10000.0
Tractor,Sonalika,2016,3.63,1462.0,1.03,0.83,108555.0
Combine Harvester,Escorts,2002,3.78,981.0,0.91,0.9,140094.0
Tractor,Sonalika,2002,1.22,461.0,1.13,0.94,27121.0
Tractor,Kubota,2004,5.19,2024.0,1.02,1.04,98865.0
Sprayer,Sonalika,2022,9.69,1250.0,0.82,0.96,26413.0
Power Tiller,Kubota,2019,1.21,409.0,1.02,0.87,10000.0
Tractor,Kubota,2021,5.27,1038.0,1.14,1.06,314790.0
Sprayer,Mahindra,2016,2.46,1410.0,0.86,0.88,21410.0
Sprayer,TAFE,2006,2.72,1056.0,0.88,0.8,10000.0
Power Tiller,TAFE,2018,5.76,620.0,1.14,0.88,38868.0
Combine Harvester,John Deere,2003,1.77,1043.0,1.02,1.17,85619.0
Combine Harvester,Mahindra,2002,5.6,276.0,1.01,0.94,248284.0
Tractor,Mahindra,2010,1.94,1838.0,0.87,0.83,35402.0
Combine Harvester,TAFE,2022,5.29,197.0,1.09,1.08,863415.0
Power Tiller,Mahindra,2000,3.07,1548.0,0.9,0.93,10000.0
Combine Harvester,Mahindra,2017,1.39,1501.0,1.19,0.97,174555.0
Rotavator,TAFE,2011,8.59,63.0,1.06,1.14,43375.0
Combine Harvester,Sonalika,2018,1.69,1425.0,0.97,1.02,174481.0
Combine Harvester,John Deere,2007,9.98,439.0,0.89,0.91,565307.0
Tractor,Mahindra,2004,1.77,987.0,0.85,1.08,49776.0
Tractor,John Deere,2020,2.0,1214.0,0.98,1.05,95152.0
Combine Harvester,Sonalika,2022,5.81,973.0,0.97,0.88,628810.0
Tractor,Sonalika,2017,6.99,67.0,0.96,0.95,291813.0
Combine Harvester,John Deere,2013,5.0,1192.0,0.93,0.84,353354.0
Sprayer,Mahindra,2001,6.38,1791.0,0.83,0.94,11675.0
Power Tiller,Sonalika,2007,7.75,867.0,1.11,1.13,37064.0
Combine Harvester,Sonalika,2007,2.68,1547.0,0.86,0.91,139883.0
Tractor,Mahindra,2016,5.36,674.0,0.91,0.8,164699.0
Tractor,John Deere,2005,5.75,1710.0,0.81,1.04,113841.0
Combine Harvester,Sonalika,2007,8.13,489.0,1.08,1.06,648344.0
Tractor,John Deere,2011,3.06,1959.0,0.97,0.87,49057.0
Rotavator,John Deere,2000,7.66,668.0,0.99,1.0,18321.0
Power Tiller,Kubota,2008,9.4,584.0,1.12,1.02,52649.0
Seed Drill,John Deere,2023,9.95,1078.0,1.06,1.02,65547.0
Sprayer,John Deere,2015,5.31,951.0,0.8,0.91,10000.0
Sprayer,Mahindra,2010,5.72,1480.0,0.95,0.98,14752.0
Tractor,TAFE,2012,2.02,1393.0,0.86,1.03,56274.0
Seed Drill,Escorts,2002,8.94,1373.0,0.93,0.95,29460.0
Tractor,Escorts,2008,4.93,697.0,1.19,0.96,151288.0
Sprayer,Kubota,2003,4.73,1050.0,1.18,1.07,10000.0
Sprayer,John Deere,2006,9.95,1458.0,1.12,0.99,27248.0
Tractor,Escorts,2013,5.82,1095.0,1.18,1.01,246461.0
Combine Harvester,TAFE,2009,1.13,1421.0,0.85,1.0,61782.0
Sprayer,TAFE,2020,8.03,803.0,1.16,0.99,27210.0
Rotavator,Mahindra,2012,8.57,551.0,0.8,1.11,36233.0
Tractor,John Deere,2008,8.38,935.0,0.95,1.07,241457.0
Seed Drill,Kubota,2006,7.67,414.0,1.16,1.08,49667.0
Combine Harvester,TAFE,2013,6.37,322.0,0.87,1.03,560132.0
Sprayer,Mahindra,2003,5.96,643.0,1.05,1.02,25542.0
Power Tiller,Escorts,2017,1.18,1593.0,1.13,1.14,12608.0
Sprayer,Escorts,2017,9.22,1105.0,1.0,0.9,29775.0
Tractor,Kubota,2014,3.33,1449.0,0.92,0.85,103724.0
Tractor,John Deere,2019,3.69,87.0,0.93,0.97,163181.0
Power Tiller,Mahindra,2002,7.49,566.0,1.11,1.05,20948.0
Seed Drill,Mahindra,2019,7.57,1274.0,0.9,0.98,39390.0
Power Tiller,TAFE,2012,6.69,1476.0,1.02,0.93,50847.0
Seed Drill,John Deere,2021,4.74,1515.0,1.12,0.84,38511.0
Tractor,John Deere,2009,8.62,1062.0,1.11,1.0,284166.0
Tractor,Sonalika,2000,3.11,901.0,0.86,0.88,47074.0
Rotavator,TAFE,2013,2.42,102.0,0.9,1.0,10000.0
Power Tiller,Sonalika,2013,1.58,788.0,0.93,1.09,25620.0
Sprayer,Kubota,2003,5.32,1334.0,0.84,0.88,10000.0
Sprayer,John Deere,2004,1.62,1585.0,0.95,1.13,10000.0
Tractor,John Deere,2007,1.01,841.0,0.92,0.96,22807.0
Tractor,Sonalika,2017,6.37,621.0,0.84,0.96,238239.0
Tractor,Kubota,2019,6.31,1749.0,1.0,0.96,248280.0
Seed Drill,Escorts,2017,5.58,2086.0,1.06,1.01,31685.0
Seed Drill,TAFE,2010,1.73,1166.0,0.86,0.99,12523.0
Power Tiller,Escorts,2013,4.85,782.0,1.1,0.95,39838.0
Combine Harvester,Mahindra,2007,5.18,770.0,1.16,0.87,349981.0
Sprayer,Sonalika,2013,2.07,1753.0,0.98,0.99,10000.0
Sprayer,Escorts,2023,4.27,1285.0,0.91,1.02,10000.0
Power Tiller,Escorts,2005,7.38,870.0,0.9,1.01,11811.0
Combine Harvester,Kubota,2004,6.02,1787.0,0.99,1.01,291208.0
Seed Drill,Escorts,2000,7.33,1217.0,1.16,0.88,30194.0
Sprayer,Sonalika,2011,8.88,583.0,0.99,0.97,17838.0
Power Tiller,Escorts,2023,8.69,1809.0,1.17,1.07,75035.0
Sprayer,John Deere,2007,2.74,2101.0,1.16,0.95,29246.0
Sprayer,John Deere,2010,3.47,50.0,1.01,0.99,11552.0
Seed Drill,John Deere,2012,4.86,692.0,0.99,1.03,10000.0
Sprayer,Kubota,2009,8.28,1433.0,1.12,0.95,10000.0
Tractor,Kubota,2010,3.62,724.0,1.19,1.08,159575.0
Seed Drill,Mahindra,2014,7.01,829.0,0.89,0.9,14947.0
Tractor,Kubota,2002,6.0,1911.0,0.91,1.19,103952.0
Seed Drill,John Deere,2011,8.61,660.0,0.89,0.92,12737.0
Rotavator,TAFE,2014,4.25,646.0,0.94,0.99,27734.0
Tractor,Sonalika,2008,8.97,900.0,0.81,1.15,248870.0
Power Tiller,TAFE,2016,5.51,1501.0,1.02,1.03,18760.0
Tractor,TAFE,2006,8.17,708.0,1.19,0.96,235537.0
Power Tiller,Kubota,2020,2.53,1015.0,1.2,0.96,29052.0
Rotavator,Kubota,2023,7.53,1051.0,0.93,1.08,59273.0
Combine Harvester,Escorts,2017,8.93,808.0,1.06,1.03,1067733.0
Seed Drill,Sonalika,2021,2.67,686.0,0.94,0.98,22340.0
Rotavator,John Deere,2018,1.28,538.0,0.95,1.0,16417.0
Combine Harvester,Escorts,2019,9.39,1691.0,1.09,0.91,987762.0
Power Tiller,Escorts,2019,1.76,1054.0,1.16,1.01,19831.0
Power Tiller,Escorts,2023,2.09,465.0,0.82,1.01,11841.0
Tractor,Escorts,2017,6.84,630.0,1.13,0.95,325872.0
Tractor,Mahindra,2002,8.0,1166.0,1.14,1.1,180239.0
Tractor,Escorts,2000,2.93,1418.0,1.1,1.07,32808.0
Rotavator,TAFE,2022,1.41,853.0,1.02,0.96,21728.0
Sprayer,TAFE,2020,6.2,1856.0,0.92,0.88,10000.0
Sprayer,John Deere,2000,7.68,1079.0,1.07,0.95,10000.0
Power Tiller,Sonalika,2019,3.3,189.0,1.05,0.98,22887.0
Rotavator,Mahindra,2013,6.99,414.0,0.97,0.96,38556.0
Seed Drill,Escorts,2018,9.01,537.0,1.05,1.05,56899.0
Power Tiller,Kubota,2003,5.74,1270.0,0.9,0.92,37673.0
Combine Harvester,Kubota,2022,7.69,1351.0,0.88,1.02,826814.0
Sprayer,Mahindra,2001,6.92,414.0,0.85,0.87,15117.0
Sprayer,TAFE,2017,9.25,1116.0,0.97,1.09,16490.0
Rotavator,Escorts,2012,8.53,896.0,0.99,1.14,29913.0
Sprayer,John Deere,2018,3.8,1125.0,1.0,0.9,11111.0
Sprayer,TAFE,2015,3.29,139.0,0.85,0.96,10000.0
Power Tiller,John Deere,2007,1.67,760.0,0.91,0.97,18310.0
Power Tiller,Kubota,2022,7.48,960.0,1.13,0.93,80544.0
Seed Drill,TAFE,2016,2.46,965.0,1.19,1.09,14165.0
Rotavator,TAFE,2003,9.67,1552.0,0.97,1.06,31023.0
Rotavator,Escorts,2003,2.73,632.0,0.83,0.99,10000.0
Sprayer,TAFE,2017,3.65,1184.0,0.87,0.84,26410.0
Tractor,John Deere,2010,4.69,186.0,0.99,1.14,201151.0
Tractor,Escorts,2013,8.26,231.0,1.02,1.03,331756.0
Sprayer,Sonalika,2016,2.42,720.0,1.16,0.93,19734.0
Power Tiller,Escorts,2015,5.77,125.0,0.95,1.03,25853.0
Power Tiller,Sonalika,2011,6.21,705.0,0.82,0.9,10000.0
Seed Drill,Escorts,2001,8.66,649.0,1.09,1.17,16488.0
Sprayer,Mahindra,2002,8.77,1566.0,0.99,1.08,13360.0
Tractor,Sonalika,2000,5.2,229.0,1.18,0.8,86436.0
Power Tiller,TAFE,2018,6.97,1135.0,0.89,1.05,57639.0
Sprayer,Kubota,2014,5.06,701.0,1.14,1.07,10000.0
Combine Harvester,Mahindra,2001,9.81,168.0,0.95,0.96,397137.0
Rotavator,John Deere,2007,8.43,598.0,0.88,0.98,11460.0
Sprayer,Mahindra,2001,6.45,1125.0,1.05,1.03,10000.0
Power Tiller,John Deere,2007,9.1,619.0,1.16,0.99,38180.0
Seed Drill,Mahindra,2022,4.06,1122.0,1.19,0.98,29310.0
Rotavator,Kubota,2006,6.26,1156.0,0.92,1.06,14210.0
Rotavator,John Deere,2006,4.89,1346.0,1.02,1.02,15253.0
Seed Drill,Mahindra,2003,7.47,1838.0,1.11,1.02,38927.0
Rotavator,Sonalika,2013,8.11,1645.0,0.8,0.99,20766.0
Tractor,Kubota,2022,1.22,1578.0,0.86,1.17,77845.0
Seed Drill,Kubota,2005,8.03,1486.0,0.8,0.86,11878.0
Power Tiller,Escorts,2020,4.51,483.0,1.18,1.04,54909.0
Combine Harvester,Escorts,2011,5.66,1954.0,0.87,0.96,353722.0
Rotavator,Kubota,2021,4.27,1383.0,1.18,0.94,29560.0
Combine Harvester,Escorts,2003,2.5,1041.0,1.16,1.08,146507.0
Sprayer,John Deere,2011,4.99,1670.0,1.12,1.01,33109.0
Combine Harvester,Sonalika,2023,9.2,849.0,1.17,0.9,1282541.0
Combine Harvester,Kubota,2006,8.27,1311.0,1.07,0.92,502557.0
Combine Harvester,Escorts,2007,3.73,926.0,0.97,0.88,205100.0
Rotavator,Escorts,2002,9.14,1453.0,1.1,1.0,10000.0
Power Tiller,Escorts,2021,4.27,1439.0,0.9,1.1,38044.0
Power Tiller,Sonalika,2006,8.43,771.0,0.87,1.16,18381.0
Seed Drill,John Deere,2020,7.89,50.0,1.12,1.0,62134.0
Tractor,John Deere,2019,8.63,1201.0,1.09,0.91,373101.0
Tractor,Kubota,2022,4.28,978.0,0.96,0.88,189809.0
Combine Harvester,TAFE,2021,9.74,961.0,1.05,1.01,1243547.0
Combine Harvester,TAFE,2010,2.95,214.0,1.04,1.13,304548.0
Rotavator,TAFE,2012,8.48,679.0,1.02,0.87,30691.0
Seed Drill,John Deere,2009,6.2,410.0,0.94,0.91,29167.0
Sprayer,Mahindra,2015,3.0,99.0,0.85,1.05,10000.0
Power Tiller,TAFE,2001,5.23,1580.0,1.08,0.83,24837.0
Rotavator,TAFE,2001,6.85,1119.0,0.83,0.97,10000.0
Rotavator,Sonalika,2012,6.07,1182.0,0.99,1.18,30607.0
Combine Harvester,Kubota,2018,8.77,1393.0,1.07,1.05,1047442.0
Rotavator,Escorts,2000,8.06,1111.0,1.17,0.9,10000.0
Tractor,TAFE,2004,7.86,304.0,0.89,0.96,154459.0
Sprayer,Escorts,2016,8.63,553.0,0.87,0.98,15782.0
Sprayer,John Deere,2012,9.75,1203.0,0.82,1.02,24964.0
Power Tiller,Escorts,2011,8.98,1394.0,0.88,1.14,39625.0
Sprayer,Sonalika,2020,6.68,1295.0,1.06,1.07,20386.0
Rotavator,John Deere,2017,4.1,2192.0,0.87,1.01,10234.0
Tractor,TAFE,2022,9.05,1536.0,1.08,1.01,463132.0
Power Tiller,John Deere,2008,3.58,1039.0,1.0,0.97,30627.0
Tractor,Mahindra,2013,7.42,1578.0,0.86,1.08,239491.0
Combine Harvester,Kubota,2009,9.54,978.0,0.85,0.9,544194.0
Rotavator,Mahindra,2019,1.23,1621.0,1.07,1.07,10000.0
Combine Harvester,Escorts,2010,9.9,841.0,1.07,0.9,770808.0
Power Tiller,TAFE,2008,6.02,279.0,1.01,1.03,19512.0
Sprayer,Kubota,2010,9.77,1490.0,1.11,1.11,41346.0
Combine Harvester,Sonalika,2022,9.6,1447.0,1.08,1.12,1396721.0
Seed Drill,Escorts,2014,8.65,1089.0,1.02,0.92,56548.0
Tractor,Mahindra,2019,6.59,899.0,1.18,0.8,276120.0
Tractor,Escorts,2019,6.6,1813.0,1.02,0.84,226722.0
Seed Drill,John Deere,2019,8.5,1193.0,0.92,1.17,56594.0
Seed Drill,Kubota,2009,7.24,1388.0,0.98,1.01,13112.0
Combine Harvester,Escorts,2019,2.04,931.0,0.91,0.86,188928.0
Rotavator,TAFE,2019,7.33,320.0,0.92,0.97,44540.0
Sprayer,Sonalika,2022,9.3,297.0,1.05,1.03,41390.0
Power Tiller,Sonalika,2004,8.83,879.0,0.9,0.98,10000.0
Rotavator,Mahindra,2019,2.95,595.0,0.8,1.02,13584.0
Tractor,TAFE,2018,3.17,1230.0,1.12,1.07,149112.0
Power Tiller,John Deere,2017,2.37,50.0,1.13,0.86,15335.0
Rotavator,Sonalika,2003,7.61,750.0,1.04,0.97,18887.0
Sprayer,Kubota,2008,6.29,1528.0,1.12,0.96,15587.0
Combine Harvester,TAFE,2008,9.04,846.0,1.06,1.12,768682.0
Power Tiller,John Deere,2011,4.32,1476.0,1.07,1.04,42359.0
Power Tiller,Kubota,2000,2.82,2106.0,1.2,0.9,10000.0
Rotavator,Mahindra,2018,3.85,1032.0,1.03,1.02,12529.0
Seed Drill,John Deere,2023,3.53,939.0,1.2,1.07,27243.0
Combine Harvester,Kubota,2011,5.33,1798.0,1.1,0.96,422150.0
Power Tiller,Sonalika,2005,3.11,1615.0,1.18,1.07,17006.0
Tractor,Escorts,2005,6.71,1029.0,1.14,0.88,163216.0
Power Tiller,TAFE,2008,3.31,1244.0,1.0,0.94,24516.0
Tractor,Sonalika,2005,5.28,633.0,0.93,1.06,117703.0
Power Tiller,TAFE,2004,1.51,550.0,0.8,0.94,20417.0
Rotavator,Escorts,2007,5.83,1202.0,0.99,1.02,10000.0
Combine Harvester,Mahindra,2000,8.64,849.0,1.16,0.98,369892.0
Sprayer,TAFE,2014,7.19,1326.0,1.13,1.04,17490.0
Seed Drill,Kubota,2011,9.09,1177.0,0.83,0.96,34899.0
Sprayer,Mahindra,2005,9.38,510.0,0.97,1.07,18577.0
Power Tiller,Mahindra,2008,5.38,305.0,1.06,0.9,28636.0
Rotavator,John Deere,2021,6.63,577.0,1.08,1.09,39966.0
Rotavator,TAFE,2016,6.26,947.0,0.89,1.07,24179.0
Sprayer,Escorts,2008,8.71,1509.0,1.13,1.12,31159.0
Combine Harvester,Kubota,2017,4.62,1316.0,0.94,1.14,515567.0
Combine Harvester,Escorts,2021,5.97,646.0,1.19,0.99,905859.0
Rotavator,Mahindra,2007,4.17,1690.0,0.9,1.01,15956.0
Sprayer,Kubota,2011,3.99,1347.0,0.99,1.02,10000.0
Rotavator,Kubota,2009,3.49,1622.0,0.92,0.89,24098.0
Power Tiller,Sonalika,2021,6.97,1418.0,1.19,1.01,65328.0
Combine Harvester,John Deere,2018,5.91,225.0,1.16,1.17,954769.0
Power Tiller,TAFE,2023,7.65,497.0,1.16,0.94,77859.0
Combine Harvester,Kubota,2014,8.03,1991.0,0.89,0.97,587962.0
Combine Harvester,John Deere,2004,4.42,1594.0,1.14,0.92,228247.0
Power Tiller,Sonalika,2006,8.53,1842.0,1.06,0.88,27613.0
Tractor,Sonalika,2005,7.76,722.0,1.09,0.97,207694.0
Rotavator,TAFE,2002,6.78,1579.0,1.05,1.12,10000.0
Seed Drill,TAFE,2014,5.44,1339.0,1.13,0.99,34306.0
Tractor,Sonalika,2007,6.21,1974.0,1.17,1.03,196203.0
Seed Drill,TAFE,2012,6.02,1172.0,0.87,1.03,16995.0
Seed Drill,Kubota,2011,4.29,1029.0,1.19,1.12,25676.0
Power Tiller,Mahindra,2001,6.24,719.0,0.95,1.03,10000.0
Tractor,Mahindra,2009,9.69,658.0,0.92,1.18,330552.0
Tractor,Sonalika,2017,5.7,1579.0,0.98,1.02,216011.0
Power Tiller,Mahindra,2006,9.09,1849.0,1.12,0.9,32014.0
Combine Harvester,Mahindra,2004,7.61,1057.0,1.15,0.98,458017.0
Rotavator,Kubota,2017,6.89,1535.0,1.1,1.17,35998.0
Tractor,Sonalika,2003,6.9,1157.0,1.02,1.13,151965.0
Rotavator,John Deere,2006,3.99,1470.0,1.1,1.07,21938.0
Combine Harvester,Sonalika,2002,1.8,1159.0,0.85,1.06,83444.0
Seed Drill,Sonalika,2013,6.29,1200.0,1.09,1.05,29340.0
Seed Drill,Sonalika,2003,6.69,726.0,1.13,1.04,27866.0
Combine Harvester,TAFE,2002,9.03,429.0,0.9,0.89,362230.0
Tractor,Kubota,2004,9.27,1157.0,1.02,1.0,197709.0
Seed Drill,Sonalika,2014,9.21,832.0,0.88,0.97,34825.0
Power Tiller,John Deere,2020,6.92,50.0,0.82,1.2,71697.0
Power Tiller,Escorts,2012,6.16,1527.0,1.16,1.12,63870.0
Power Tiller,Sonalika,2020,4.53,374.0,0.92,0.92,39158.0
Sprayer,Sonalika,2006,6.03,1333.0,1.09,0.99,16341.0
Rotavator,TAFE,2002,4.24,1872.0,1.13,1.07,29641.0
Sprayer,Sonalika,2019,7.75,1179.0,1.05,0.9,20148.0
Power Tiller,Mahindra,2003,3.86,1051.0,1.02,1.05,14312.0
Combine Harvester,John Deere,2011,6.16,1268.0,0.98,1.13,540264.0
Power Tiller,Sonalika,2019,1.18,691.0,1.2,0.82,10000.0
Tractor,Kubota,2017,1.4,1133.0,1.03,1.03,44061.0
Tractor,Kubota,2020,4.93,1135.0,0.88,1.03,214986.0
Sprayer,Sonalika,2013,5.31,1542.0,0.98,0.8,10000.0
Combine Harvester,Mahindra,2010,4.0,2073.0,1.07,0.95,284855.0
Power Tiller,John Deere,2004,7.56,1000.0,1.04,1.08,51427.0
Rotavator,TAFE,2006,3.43,1764.0,0.98,1.04,10000.0
Power Tiller,Sonalika,2018,6.45,384.0,0.83,1.08,47328.0
Sprayer,Kubota,2016,2.53,1506.0,0.85,1.04,10000.0
Tractor,Kubota,2009,8.94,247.0,0.82,1.07,264960.0
Tractor,Escorts,2001,7.18,416.0,0.89,1.08,130656.0
Rotavator,John Deere,2018,2.98,1133.0,0.88,0.89,10000.0
Power Tiller,Kubota,2015,5.83,1256.0,0.83,1.13,23894.0
Sprayer,Mahindra,2012,5.52,438.0,1.19,1.05,10000.0
Sprayer,Kubota,2000,2.2,1003.0,0.89,1.13,10000.0
Combine Harvester,Escorts,2003,7.07,1496.0,0.87,1.19,347532.0
Tractor,Sonalika,2001,7.98,745.0,1.09,0.94,152494.0
Seed Drill,TAFE,2001,5.92,2198.0,1.03,0.89,10000.0
Power Tiller,Kubota,2019,2.63,1451.0,0.89,1.01,10321.0
Power Tiller,Escorts,2021,6.01,260.0,1.0,0.88,44496.0
Sprayer,John Deere,2010,7.99,1007.0,1.11,1.05,30481.0
Seed Drill,Kubota,2018,9.37,143.0,1.11,1.08,82260.0
Seed Drill,TAFE,2014,3.09,1390.0,0.99,0.94,32883.0
Sprayer,Sonalika,2008,7.25,1651.0,1.04,0.93,19510.0
Tractor,TAFE,2009,6.83,1276.0,1.05,0.92,188458.0
Tractor,Escorts,2000,9.34,1883.0,1.02,0.91,117391.0
Seed Drill,John Deere,2009,6.05,1575.0,1.18,1.2,39378.0
Power Tiller,Escorts,2023,3.08,1354.0,0.98,0.99,21419.0
Power Tiller,Mahindra,2019,5.66,796.0,0.92,0.95,37662.0
Rotavator,TAFE,2017,5.25,921.0,1.05,0.95,33431.0
Combine Harvester,Escorts,2003,1.62,1992.0,0.93,1.03,62131.0
Tractor,John Deere,2014,6.2,1995.0,1.07,1.1,240113.0
Seed Drill,Mahindra,2006,8.61,754.0,1.01,0.93,10000.0
Sprayer,TAFE,2019,7.47,1488.0,0.84,1.01,14285.0
Tractor,Escorts,2002,5.81,1355.0,0.93,1.09,112056.0
Combine Harvester,Kubota,2016,7.16,1305.0,1.09,1.07,825626.0
Power Tiller,Kubota,2023,4.27,1599.0,1.02,0.95,34157.0
Seed Drill,TAFE,2012,7.64,1798.0,1.0,1.08,25752.0
Tractor,John Deere,2021,1.34,715.0,1.16,1.2,90714.0
Rotavator,Mahindra,2022,8.03,847.0,0.81,1.03,46784.0
Seed Drill,John Deere,2006,3.62,931.0,1.04,1.11,10000.0
Seed Drill,Sonalika,2020,7.58,1057.0,0.83,0.98,42400.0
Sprayer,TAFE,2019,7.02,50.0,1.09,1.12,36505.0
Rotavator,John Deere,2002,6.07,563.0,0.98,1.03,15079.0
Rotavator,John Deere,2005,7.37,952.0,1.18,1.08,12486.0
Rotavator,Kubota,2001,8.25,1263.0,0.91,0.99,31397.0
Rotavator,Sonalika,2011,10.0,341.0,1.0,0.95,34053.0
Tractor,Escorts,2018,5.05,506.0,1.02,1.1,260531.0
Combine Harvester,TAFE,2017,4.07,824.0,0.98,0.89,400174.0
Seed Drill,Mahindra,2011,8.36,1716.0,1.14,0.88,27084.0
Sprayer,Sonalika,2002,2.5,2198.0,1.01,0.99,11205.0
Combine Harvester,Kubota,2005,5.01,534.0,0.97,0.98,295575.0
Rotavator,Kubota,2011,2.63,858.0,1.12,0.9,13964.0
Rotavator,Sonalika,2020,6.77,889.0,0.85,0.82,22702.0
Rotavator,Kubota,2005,5.98,576.0,1.11,1.04,15088.0
Rotavator,Escorts,2019,7.51,1461.0,0.93,0.95,29426.0
Sprayer,Escorts,2002,8.06,485.0,0.89,1.13,18452.0
Sprayer,Escorts,2015,3.09,1662.0,1.14,0.96,22014.0
Tractor,Mahindra,2003,3.64,952.0,1.15,0.96,71108.0
Sprayer,Sonalika,2015,7.16,1338.0,1.08,0.99,21991.0
Power Tiller,Sonalika,2023,5.08,2011.0,0.89,0.95,31018.0
Tractor,TAFE,2008,9.04,1078.0,0.86,1.01,219617.0
Rotavator,Escorts,2014,4.08,1002.0,1.02,0.93,10000.0
Tractor,Kubota,2007,3.08,789.0,1.15,0.97,91156.0
Seed Drill,Kubota,2015,2.93,881.0,1.12,1.08,10000.0
Sprayer,Kubota,2021,3.76,1524.0,1.01,1.09,14198.0
Combine Harvester,John Deere,2000,2.7,50.0,0.97,0.89,94412.0
Rotavator,Escorts,2015,1.79,63.0,1.04,1.16,23987.0
Seed Drill,Escorts,2004,9.78,699.0,1.05,0.99,36895.0
Combine Harvester,John Deere,2017,6.38,965.0,1.03,1.02,720837.0
Tractor,John Deere,2015,1.36,1075.0,1.11,1.0,60115.0
Sprayer,Escorts,2017,5.95,642.0,0.93,1.06,16436.0
Combine Harvester,Kubota,2013,8.72,2016.0,0.9,1.12,686647.0
Sprayer,John Deere,2017,9.73,1179.0,0.81,1.02,12215.0
Tractor,John Deere,2005,8.48,514.0,1.0,0.95,213570.0
Combine Harvester,John Deere,2008,7.66,1695.0,0.91,0.84,384236.0
Rotavator,TAFE,2008,4.52,885.0,1.13,1.1,10000.0
Rotavator,Sonalika,2001,4.23,945.0,0.81,0.9,10000.0
Tractor,John Deere,2002,6.01,346.0,0.81,1.07,103959.0
Combine Harvester,Mahindra,2022,2.29,790.0,0.82,0.96,253548.0
Tractor,TAFE,2008,1.21,1352.0,1.15,0.88,37072.0
Rotavator,TAFE,2003,3.26,838.0,1.04,0.82,24077.0
Power Tiller,TAFE,2020,8.87,744.0,0.95,0.8,59724.0
Rotavator,TAFE,2013,5.36,1380.0,1.02,1.04,21952.0
Power Tiller,Sonalika,2023,6.86,365.0,1.13,0.97,48090.0
Sprayer,Mahindra,2006,5.77,187.0,1.06,1.0,10779.0
Power Tiller,Escorts,2017,5.12,1510.0,0.86,1.07,19452.0
Tractor,Kubota,2023,9.14,1517.0,0.85,0.92,341013.0
Sprayer,Kubota,2009,4.24,1261.0,0.9,1.01,10000.0
Power Tiller,Sonalika,2000,7.54,683.0,1.05,1.02,16883.0
Seed Drill,Mahindra,2007,5.3,1182.0,0.81,1.02,12638.0
Power Tiller,TAFE,2011,9.64,912.0,1.01,1.13,54508.0
Rotavator,Escorts,2006,8.08,596.0,0.9,1.09,20122.0
Sprayer,John Deere,2010,9.47,446.0,1.13,1.04,17341.0
Tractor,Mahindra,2003,9.18,824.0,1.05,1.0,187162.0
Rotavator,John Deere,2021,8.1,167.0,0.99,1.16,76094.0
Combine Harvester,John Deere,2005,9.95,697.0,1.09,0.89,575287.0
Rotavator,John Deere,2001,7.07,429.0,0.89,0.95,10000.0
Seed Drill,John Deere,2002,5.91,320.0,0.81,1.06,15157.0
Combine Harvester,Mahindra,2011,4.51,917.0,1.0,0.98,372790.0
Power Tiller,TAFE,2018,7.53,620.0,1.01,0.96,54049.0
Combine Harvester,Sonalika,2000,2.25,998.0,0.99,1.03,89598.0
Power Tiller,TAFE,2018,8.47,1068.0,0.94,1.0,58488.0
Rotavator,Escorts,2004,5.26,779.0,1.0,0.94,10000.0
Tractor,Escorts,2001,3.58,949.0,1.08,1.15,56128.0
Tractor,Kubota,2002,2.84,687.0,0.94,1.13,59406.0
Rotavator,Kubota,2004,7.45,1534.0,1.15,1.18,28697.0
Seed Drill,Sonalika,2002,9.4,1231.0,1.07,1.07,38499.0
Power Tiller,TAFE,2000,3.21,1481.0,0.94,1.06,10000.0
Rotavator,Escorts,2022,4.35,1497.0,0.93,1.02,23649.0
Tractor,Sonalika,2019,8.01,1177.0,0.95,1.2,408922.0
Combine Harvester,John Deere,2008,1.18,202.0,1.1,1.03,105237.0
Rotavator,TAFE,2012,5.27,1636.0,1.0,1.11,21211.0
Power Tiller,Kubota,2014,2.03,1612.0,0.8,1.11,16600.0
Power Tiller,TAFE,2011,2.18,287.0,1.16,0.96,18668.0
Rotavator,Mahindra,2022,1.73,999.0,0.88,1.05,17421.0
Tractor,Kubota,2018,6.85,1236.0,0.82,1.14,273844.0
Rotavator,Sonalika,2008,8.66,562.0,0.88,0.91,14553.0
Power Tiller,Kubota,2012,2.68,967.0,1.19,1.04,35934.0
Combine Harvester,Escorts,2009,1.56,297.0,1.01,1.03,129466.0
Seed Drill,Mahindra,2009,3.91,837.0,1.06,1.2,28309.0
Combine Harvester,Escorts,2023,9.15,106.0,0.92,1.05,1252578.0
Power Tiller,Sonalika,2002,8.36,1088.0,1.09,0.99,16032.0
Seed Drill,Escorts,2002,3.51,1770.0,0.99,1.02,14730.0
Power Tiller,Sonalika,2023,4.27,50.0,1.06,1.19,55307.0
Power Tiller,Sonalika,2009,8.78,619.0,1.01,1.18,70211.0
Sprayer,Escorts,2005,1.02,656.0,1.03,1.1,11725.0
Rotavator,Escorts,2013,7.62,50.0,1.11,1.2,49781.0
Tractor,Escorts,2010,9.64,1014.0,1.11,0.94,297507.0
Seed Drill,TAFE,2019,9.6,1306.0,0.92,0.93,32310.0
Rotavator,Sonalika,2005,1.88,739.0,1.13,1.03,10000.0
Combine Harvester,Escorts,2011,8.09,384.0,1.18,1.02,856737.0
Seed Drill,Mahindra,2012,5.36,911.0,0.93,0.94,21856.0
Tractor,John Deere,2017,9.21,584.0,1.16,1.06,498337.0
Tractor,Mahindra,2016,3.52,844.0,0.98,1.02,147649.0
Seed Drill,Sonalika,2023,8.82,934.0,0.86,0.93,64477.0
Tractor,Escorts,2021,3.99,1421.0,1.11,1.03,201477.0
Combine Harvester,Sonalika,2019,5.75,997.0,1.09,0.95,691711.0
Power Tiller,John Deere,2007,4.34,1118.0,1.1,0.93,19382.0
Power Tiller,TAFE,2003,3.99,1562.0,1.17,0.99,26730.0
Sprayer,John Deere,2008,1.76,969.0,0.88,0.97,10706.0
Seed Drill,TAFE,2010,2.99,1015.0,0.85,1.0,10000.0
Rotavator,John Deere,2010,8.55,1671.0,0.98,1.17,35071.0
Combine Harvester,John Deere,2006,3.98,1578.0,1.2,1.0,273301.0
Sprayer,Sonalika,2017,7.78,1434.0,0.88,1.08,15793.0
Sprayer,Mahindra,2013,9.28,1003.0,0.94,1.02,41057.0
Sprayer,Sonalika,2002,3.28,802.0,1.19,1.12,10000.0
Combine Harvester,Mahindra,2008,6.01,1520.0,1.16,0.99,443260.0
Power Tiller,Sonalika,2023,3.89,645.0,1.01,1.02,20514.0
Power Tiller,Escorts,2001,8.72,1482.0,1.16,0.96,26334.0
Tractor,Sonalika,2019,9.0,407.0,0.88,1.02,389641.0
Seed Drill,Kubota,2017,9.02,1011.0,0.84,0.88,10349.0
Seed Drill,Escorts,2015,2.45,1386.0,1.1,1.04,10812.0
Seed Drill,Mahindra,2010,7.93,828.0,1.12,1.02,34673.0
Tractor,Mahindra,2019,5.24,582.0,1.11,1.02,296571.0
Sprayer,Sonalika,2020,3.18,468.0,1.01,0.87,10000.0
Rotavator,Mahindra,2011,6.26,795.0,0.87,0.91,20709.0
Sprayer,John Deere,2022,9.9,467.0,1.11,0.91,53531.0
Rotavator,John Deere,2012,3.25,524.0,1.11,0.96,10000.0
Sprayer,Kubota,2017,6.34,651.0,0.84,0.96,29120.0
Rotavator,TAFE,2012,3.72,1389.0,1.03,1.08,22950.0
Power Tiller,John Deere,2005,5.08,369.0,1.05,1.06,10000.0
Sprayer,John Deere,2009,1.59,801.0,1.05,0.96,10000.0
Power Tiller,TAFE,2009,3.05,364.0,1.05,1.0,14580.0
Tractor,Sonalika,2018,1.78,368.0,1.15,0.8,82087.0
Sprayer,Mahindra,2001,7.51,1093.0,0.89,0.96,10000.0
Seed Drill,Kubota,2022,6.89,598.0,0.86,0.94,43347.0
Sprayer,John Deere,2009,6.17,1191.0,0.94,1.06,10000.0
Tractor,Kubota,2010,5.96,832.0,1.13,0.99,225969.0
Rotavator,John Deere,2016,5.39,872.0,0.93,0.93,31468.0
Tractor,Sonalika,2016,2.3,461.0,0.81,1.01,74843.0
Power Tiller,Escorts,2008,1.84,576.0,0.88,0.92,17061.0
Sprayer,Sonalika,2014,1.55,1338.0,1.08,0.94,10000.0
Sprayer,Sonalika,2016,8.73,950.0,0.83,1.06,21783.0
Sprayer,John Deere,2007,2.42,282.0,0.84,1.12,10680.0
Power Tiller,Kubota,2020,4.28,762.0,1.04,1.09,37335.0
Tractor,Kubota,2015,6.16,1640.0,0.93,1.0,201312.0
Seed Drill,Escorts,2008,2.12,1012.0,0.9,1.07,29729.0
Sprayer,TAFE,2022,8.51,952.0,0.96,0.97,45471.0
Seed Drill,John Deere,2011,2.87,713.0,1.11,0.91,14053.0
Power Tiller,TAFE,2022,3.91,755.0,0.82,0.82,10000.0
Seed Drill,John Deere,2015,7.54,1747.0,0.8,0.96,39987.0
Combine Harvester,John Deere,2018,6.11,1457.0,1.02,1.01,673997.0
Combine Harvester,Escorts,2013,9.82,1199.0,0.81,1.14,784398.0
Tractor,Mahindra,2014,1.32,795.0,0.97,0.95,57517.0
Combine Harvester,Mahindra,2016,2.94,388.0,0.83,0.97,256355.0
Combine Harvester,Kubota,2018,6.69,1854.0,0.9,1.07,643398.0
Combine Harvester,TAFE,2014,1.79,1211.0,1.07,1.13,210290.0
Tractor,Sonalika,2013,2.33,1132.0,0.96,1.2,86512.0
Tractor,John Deere,2009,7.25,1224.0,0.98,1.03,199038.0
Sprayer,Kubota,2014,8.11,737.0,1.12,1.13,17109.0
Sprayer,Escorts,2006,7.08,1489.0,1.08,1.14,16535.0
Rotavator,Sonalika,2016,9.31,827.0,0.95,1.02,50923.0
Sprayer,TAFE,2013,9.92,827.0,1.1,1.2,37795.0
Power Tiller,TAFE,2021,9.52,1417.0,0.92,1.06,66076.0
Tractor,Sonalika,2007,3.26,1246.0,1.15,1.05,93518.0
Seed Drill,Kubota,2006,1.32,1913.0,0.97,0.93,10000.0
Tractor,John Deere,2003,5.92,931.0,0.92,0.99,108300.0
Seed Drill,Sonalika,2004,1.97,1513.0,0.82,0.99,10000.0
Rotavator,Sonalika,2014,3.01,1350.0,0.81,0.98,10000.0
Sprayer,Mahindra,2023,4.87,1421.0,1.05,1.1,34872.0
Seed Drill,Escorts,2012,5.15,537.0,0.85,0.87,26797.0
Combine Harvester,John Deere,2015,6.44,1527.0,1.13,0.99,644723.0
Power Tiller,Escorts,2009,8.44,1444.0,1.05,0.84,32831.0
Power Tiller,Escorts,2007,6.9,1348.0,1.02,1.18,25970.0
Sprayer,John Deere,2013,6.64,1622.0,0.86,0.89,28971.0
Combine Harvester,Escorts,2018,6.91,468.0,1.16,0.8,768444.0
Seed Drill,TAFE,2010,2.47,1427.0,1.06,0.84,10000.0
Power Tiller,Sonalika,2022,6.29,730.0,0.88,0.91,61586.0
Rotavator,Kubota,2008,7.87,830.0,1.2,0.97,42201.0
Seed Drill,Escorts,2010,3.55,1428.0,0.98,1.09,18104.0
Sprayer,John Deere,2006,6.21,1124.0,1.04,1.07,10000.0
Seed Drill,Kubota,2003,7.05,1249.0,1.12,0.87,29741.0
Sprayer,Mahindra,2006,7.08,1142.0,1.15,0.93,10000.0
Rotavator,TAFE,2020,9.37,375.0,1.05,0.99,50119.0
Combine Harvester,John Deere,2003,8.07,1003.0,0.81,0.99,314469.0
Combine Harvester,Escorts,2021,2.56,621.0,1.15,1.19,433035.0
Seed Drill,Kubota,2004,2.44,317.0,1.15,0.94,18651.0
Sprayer,Escorts,2005,3.39,691.0,1.07,0.96,10000.0
Seed Drill,Kubota,2007,4.28,1188.0,1.0,0.93,10000.0
Combine Harvester,Sonalika,2011,6.59,883.0,0.88,0.98,463926.0
Seed Drill,John Deere,2008,4.57,940.0,0.87,1.12,11429.0
Rotavator,Mahindra,2013,4.45,1015.0,0.87,1.08,17570.0
Combine Harvester,Sonalika,2021,1.3,2366.0,0.94,0.98,140863.0
Combine Harvester,Sonalika,2023,3.56,1236.0,0.83,1.04,396757.0
Seed Drill,Escorts,2001,5.16,1303.0,1.11,0.95,10000.0
Power Tiller,Sonalika,2020,9.17,808.0,0.82,0.99,41889.0
Seed Drill,Sonalika,2006,2.15,896.0,1.14,1.03,14567.0
Seed Drill,John Deere,2012,6.69,869.0,1.15,0.8,13777.0
Sprayer,TAFE,2010,6.14,1540.0,1.0,0.8,11699.0
Tractor,TAFE,2022,3.83,1037.0,1.13,1.1,221857.0
Rotavator,Kubota,2007,7.39,1836.0,1.08,1.2,34198.0
Combine Harvester,TAFE,2022,5.84,690.0,1.04,1.05,840040.0
Rotavator,Kubota,2003,1.94,911.0,1.11,1.05,10000.0
Rotavator,TAFE,2003,3.79,1354.0,0.82,1.03,10000.0
Seed Drill,Sonalika,2001,5.97,1298.0,0.89,1.08,18551.0
Seed Drill,Mahindra,2016,5.28,1032.0,0.9,0.91,10000.0
Combine Harvester,Escorts,2012,8.94,708.0,1.0,0.96,771680.0
Combine Harvester,TAFE,2023,9.88,799.0,0.91,1.11,1337064.0
Sprayer,Mahindra,2006,9.55,1773.0,0.97,1.01,22435.0
Combine Harvester,Kubota,2015,2.78,742.0,0.85,1.11,262301.0
Tractor,Kubota,2017,9.95,1168.0,0.92,1.06,384576.0
Combine Harvester,Escorts,2017,2.76,1072.0,1.17,0.83,283194.0
Seed Drill,John Deere,2017,5.51,1016.0,1.07,0.92,32822.0
Rotavator,Kubota,2001,7.99,661.0,0.93,1.09,19313.0
Tractor,Mahindra,2001,4.37,907.0,0.81,1.04,81254.0
Power Tiller,TAFE,2007,4.62,1331.0,0.9,0.9,10000.0
Seed Drill,Kubota,2012,5.15,928.0,0.93,0.86,35602.0
Tractor,John Deere,2014,2.96,1399.0,0.86,0.85,83838.0
Power Tiller,Kubota,2000,4.45,1859.0,1.03,1.0,17295.0
Combine Harvester,Mahindra,2015,2.34,1412.0,1.0,1.05,246455.0
Tractor,Escorts,2021,2.54,666.0,1.02,1.0,137976.0
Seed Drill,Mahindra,2001,4.79,328.0,1.17,1.14,10000.0
Power Tiller,Escorts,2006,5.55,620.0,1.18,1.18,21140.0
Sprayer,TAFE,2015,7.58,191.0,0.81,1.08,14886.0
Seed Drill,Escorts,2007,6.75,759.0,0.9,0.88,22104.0
Sprayer,TAFE,2013,7.41,2110.0,1.13,1.17,26446.0
Combine Harvester,John Deere,2005,6.89,200.0,1.03,1.09,502894.0
Seed Drill,Sonalika,2019,2.37,727.0,1.03,1.03,18037.0
Tractor,Kubota,2001,9.72,399.0,1.0,0.96,158957.0
Power Tiller,Sonalika,2014,8.36,1666.0,0.97,0.95,56098.0
Rotavator,Sonalika,2010,6.5,496.0,1.19,1.05,29645.0
Sprayer,Escorts,2023,9.4,1167.0,0.87,0.94,27808.0
Sprayer,Escorts,2023,2.95,1368.0,1.19,1.03,10000.0
Tractor,Mahindra,2000,7.37,1183.0,0.84,0.95,72830.0
Power Tiller,Escorts,2016,6.15,545.0,1.05,0.9,39387.0
Tractor,TAFE,2006,4.21,1744.0,0.91,0.94,64141.0
Sprayer,Kubota,2002,4.37,502.0,1.07,1.11,10000.0
Seed Drill,Kubota,2021,2.87,1264.0,1.04,1.01,25333.0
Combine Harvester,Kubota,2000,2.74,1804.0,1.12,1.05,93762.0
Seed Drill,TAFE,2003,1.64,866.0,0.98,0.95,10000.0
Seed Drill,TAFE,2008,4.75,1061.0,0.93,0.93,32569.0
Sprayer,John Deere,2021,3.36,339.0,1.1,1.03,12250.0
Rotavator,John Deere,2007,7.24,443.0,0.95,1.05,17080.0
Seed Drill,Mahindra,2004,7.92,229.0,0.95,1.08,35680.0
Sprayer,Kubota,2009,6.77,133.0,1.03,1.02,10000.0
Combine Harvester,Escorts,2001,4.01,776.0,1.05,0.96,170981.0
Tractor,TAFE,2000,8.46,84.0,0.84,1.18,136444.0
Seed Drill,Sonalika,2011,9.31,509.0,0.86,1.2,53372.0
Rotavator,Escorts,2015,6.35,1527.0,1.14,1.08,30288.0
Power Tiller,TAFE,2004,6.15,1550.0,1.03,1.01,15914.0
Tractor,Escorts,2006,1.69,1066.0,1.15,1.07,64423.0
Combine Harvester,Sonalika,2017,3.96,1267.0,0.99,0.91,376982.0
Rotavator,Mahindra,2009,8.24,423.0,1.2,1.11,45090.0
Power Tiller,Escorts,2020,8.02,1596.0,1.18,0.98,57696.0
Rotavator,Sonalika,2003,9.61,610.0,0.93,1.08,24071.0
Seed Drill,Kubota,2016,4.22,641.0,1.18,0.98,44552.0
Power Tiller,Kubota,2013,4.61,897.0,1.14,1.06,31833.0
Power Tiller,Kubota,2002,2.05,370.0,0.9,1.07,11811.0
Tractor,Mahindra,2000,8.97,2207.0,1.03,0.8,78330.0
Rotavator,Sonalika,2002,6.69,1774.0,0.9,0.93,11781.0
Combine Harvester,Sonalika,2016,8.04,960.0,1.02,0.87,741373.0
Rotavator,Escorts,2021,9.17,1235.0,0.89,0.96,43206.0
Sprayer,Sonalika,2002,6.52,1688.0,1.18,1.09,10000.0
Power Tiller,Kubota,2023,3.17,1338.0,0.96,1.2,28416.0
Power Tiller,TAFE,2002,9.82,671.0,0.9,1.02,28973.0
Power Tiller,Escorts,2023,2.72,836.0,1.09,0.81,10000.0
Combine Harvester,Escorts,2006,1.35,492.0,1.16,1.0,110182.0
Tractor,Sonalika,2016,1.87,1240.0,0.81,0.98,64565.0
Combine Harvester,Escorts,2015,3.41,533.0,1.17,1.13,477357.0
Sprayer,Mahindra,2019,9.36,50.0,0.84,0.92,26996.0
Power Tiller,Sonalika,2011,2.86,1193.0,0.85,0.87,23930.0
Seed Drill,Mahindra,2000,5.08,1689.0,0.94,1.0,10000.0
Combine Harvester,TAFE,2000,6.97,1523.0,0.98,1.14,294475.0
Power Tiller,Sonalika,2006,5.08,608.0,1.14,1.0,27955.0
Seed Drill,John Deere,2011,6.81,1073.0,0.83,1.13,22304.0
Seed Drill,TAFE,2007,2.76,558.0,1.06,1.06,10000.0
Power Tiller,Mahindra,2000,5.18,2134.0,0.82,1.05,19132.0
Power Tiller,Escorts,2018,4.62,957.0,0.8,1.1,35551.0
Rotavator,Mahindra,2009,1.98,1275.0,0.93,0.93,31167.0
Sprayer,TAFE,2016,8.7,616.0,0.89,0.97,26525.0
Rotavator,TAFE,2012,7.02,568.0,0.91,1.04,10000.0
Rotavator,John Deere,2013,6.12,940.0,0.99,0.85,26049.0
Power Tiller,Sonalika,2016,2.25,1300.0,0.85,1.06,19285.0
Combine Harvester,John Deere,2009,9.46,1901.0,0.82,0.95,497599.0
Combine Harvester,John Deere,2017,8.57,834.0,0.92,1.07,923250.0
Tractor,Kubota,2012,6.14,1553.0,0.95,0.86,147851.0
Rotavator,Sonalika,2003,5.35,1346.0,0.85,1.17,28379.0
Rotavator,Escorts,2010,1.68,955.0,0.97,0.8,10000.0
Rotavator,Mahindra,2001,8.26,1403.0,1.15,1.01,18977.0
Tractor,Sonalika,2005,3.85,1563.0,1.01,0.96,74461.0
Sprayer,TAFE,2006,2.38,1216.0,1.05,1.06,10000.0
Tractor,Escorts,2022,3.23,1401.0,0.96,0.96,132429.0
Seed Drill,TAFE,2008,8.79,255.0,0.83,0.93,25646.0
Rotavator,Escorts,2018,3.38,1786.0,1.03,1.18,10000.0
Tractor,TAFE,2023,2.73,1908.0,0.85,0.92,107089.0
